<CCAlarmFilterStorage><CCAlarmFilter><Name>Guards</Name><SQL>Class IN (9,11)</SQL><Comment></Comment><CreateUser>esadmin</CreateUser><CreateDate>10/29/2014 5:55:44 AM</CreateDate><LastUser>esadmin</LastUser><LastDate>12/5/2014 6:28:35 PM</LastDate></CCAlarmFilter><CCAlarmFilter><Name>alarms</Name><SQL>Class IN (1,2)</SQL><Comment></Comment><CreateUser>инженер</CreateUser><CreateDate>12/17/2014 12:04:45 PM</CreateDate><LastUser>инженер</LastUser><LastDate>12/17/2014 12:04:45 PM</LastDate></CCAlarmFilter><CCAlarmFilter><Name>limits</Name><SQL>Class = 3</SQL><Comment></Comment><CreateUser>esadmin</CreateUser><CreateDate>12/4/2014 3:31:19 PM</CreateDate><LastUser>esadmin</LastUser><LastDate>12/4/2014 3:31:19 PM</LastDate></CCAlarmFilter><CCAlarmFilter><Name>Сообщения по программам</Name><SQL>Class IN (9,10,11,16)</SQL><Comment></Comment><CreateUser>esadmin</CreateUser><CreateDate>11/13/2014 2:15:56 PM</CreateDate><LastUser>esadmin</LastUser><LastDate>11/13/2014 2:17:02 PM</LastDate></CCAlarmFilter></CCAlarmFilterStorage>
