<?xml version="1.0" encoding="utf-8"?> 
<OPCUA_Server_WinCC xmlns:xsi="http://www.w3.org/2001/XMLSchema-instance" xmlns:ua="http://opcfoundation.org/UA/2008/02/Types.xsd" xmlns:s1="http://opcfoundation.org/UA/2011/03/SecuredApplication.xsd">

<SecuredApplication>
    <BaseAddresses>
    <ua:String>opc.tcp://[HostName]:4862</ua:String>
    </BaseAddresses>
    <SecurityProfileUris>
      <SecurityProfile>
        <ProfileUri>http://opcfoundation.org/UA/SecurityPolicy#None</ProfileUri>
        <Enabled>true</Enabled>
      </SecurityProfile>
      <SecurityProfile>
        <ProfileUri>http://opcfoundation.org/UA/SecurityPolicy#Basic128Rsa15</ProfileUri>
        <Enabled>true</Enabled>
      </SecurityProfile>
      <SecurityProfile>
        <ProfileUri>http://opcfoundation.org/UA/SecurityPolicy#Basic256</ProfileUri>
        <Enabled>true</Enabled>
      </SecurityProfile>
    </SecurityProfileUris>
</SecuredApplication>

<ServerConfiguration>
    <SecurityPolicies>
      <SecurityPolicy>
        <ProfileUri>http://opcfoundation.org/UA/SecurityPolicy#None</ProfileUri>
        <MessageSecurityModes>None</MessageSecurityModes>
      </SecurityPolicy>
      <SecurityPolicy>
        <ProfileUri>http://opcfoundation.org/UA/SecurityPolicy#Basic128Rsa15</ProfileUri>
        <MessageSecurityModes>Sign</MessageSecurityModes>
      </SecurityPolicy>
      <SecurityPolicy>
        <ProfileUri>http://opcfoundation.org/UA/SecurityPolicy#Basic128Rsa15</ProfileUri>
        <MessageSecurityModes>SignAndEncrypt</MessageSecurityModes>
      </SecurityPolicy>
      <SecurityPolicy>
        <ProfileUri>http://opcfoundation.org/UA/SecurityPolicy#Basic256</ProfileUri>
        <MessageSecurityModes>Sign</MessageSecurityModes>
      </SecurityPolicy>
      <SecurityPolicy>
        <ProfileUri>http://opcfoundation.org/UA/SecurityPolicy#Basic256</ProfileUri>
        <MessageSecurityModes>SignAndEncrypt</MessageSecurityModes>
      </SecurityPolicy>
    </SecurityPolicies>

    <UserTokenPolicies>
      <UserTokenPolicy>
         <TokenType>Anonymous</TokenType>
      </UserTokenPolicy>
      <UserTokenPolicy>
         <TokenType>UserName</TokenType>
      </UserTokenPolicy>
   </UserTokenPolicies>
   
	<FastInsert>
       <EnabledByDefault>true</EnabledByDefault>
       <!--  Users>
         <User>domain\user1</User>
       </Users>
       <Clients>
         <Client>ClientName1</Client>
       </Clients-->
    </FastInsert>	
</ServerConfiguration>

<Trace>
       <TraceEnable>false</TraceEnable>
       <TraceLevel>warning</TraceLevel>   <!--one of: error warning info calls ct_dt content  -->
       <TraceMaxBackFiles>1</TraceMaxBackFiles>
       <MaxRecords>10000</MaxRecords>
       
       <TraceFile>[WinCCProjectFolder]\OPC\UAServer\Trace\[ModuleName].txt</TraceFile>
</Trace>

</OPCUA_Server_WinCC>